query_id,predicted_id,correct,match_rank,matching_similarity,top1_similarity,best_nonmatch_similarity,margin_vs_best_nonmatch
0000,0003,False,2,0.07170738279819489,0.07813674956560135,0.07813674956560135,-0.006429366767406464
0001,0000,False,2,0.05102316662669182,0.05434229597449303,0.05434229597449303,-0.0033191293478012085
0002,0002,True,1,0.2099054902791977,0.2099054902791977,0.06733938306570053,0.14256610721349716
0003,0003,True,1,0.3088569939136505,0.3088569939136505,0.18661358952522278,0.12224340438842773
