query_id,predicted_id,correct,match_rank,matching_similarity,top1_similarity,best_nonmatch_similarity,margin_vs_best_nonmatch
0000,0001,False,2,0.09087231755256653,0.09376490116119385,0.09376490116119385,-0.0028925836086273193
0001,0001,True,1,0.08740275353193283,0.08740275353193283,0.08453124761581421,0.002871505916118622
0002,0002,True,1,0.20512641966342926,0.20512641966342926,0.03276237100362778,0.17236404865980148
0003,0003,True,1,0.25048473477363586,0.25048473477363586,0.16520223021507263,0.08528250455856323
