query_id,predicted_id,correct,match_rank,matching_similarity,top1_similarity,best_nonmatch_similarity,margin_vs_best_nonmatch
0000,0002,False,2,0.6310526132583618,0.6661891341209412,0.6661891341209412,-0.035136520862579346
0001,0002,False,4,0.5862423181533813,0.6226100325584412,0.6226100325584412,-0.036367714405059814
0002,0002,True,1,0.512621283531189,0.512621283531189,0.4820133149623871,0.03060796856880188
0003,0002,False,2,0.5081832408905029,0.5430068969726562,0.5430068969726562,-0.03482365608215332
