query_id,predicted_id,correct,match_rank,matching_similarity,top1_similarity,best_nonmatch_similarity,margin_vs_best_nonmatch
0000,0000,True,1,0.9999998807907104,0.9999998807907104,0.9132630825042725,0.08673679828643799
0001,0001,True,1,0.9999998807907104,0.9999998807907104,0.9132630825042725,0.08673679828643799
0002,0002,True,1,0.9999998807907104,0.9999998807907104,0.9447318315505981,0.055268049240112305
0003,0003,True,1,0.9999999403953552,0.9999999403953552,0.9447318315505981,0.05526810884475708
