query_id,predicted_id,correct,match_rank,matching_similarity,top1_similarity,best_nonmatch_similarity,margin_vs_best_nonmatch
0000,0000,True,1,0.6310526132583618,0.6310526132583618,0.5959299802780151,0.03512263298034668
0001,0000,False,2,0.5862423181533813,0.617749035358429,0.617749035358429,-0.03150671720504761
0002,0000,False,4,0.512621283531189,0.6661891341209412,0.6661891341209412,-0.1535678505897522
0003,0000,False,3,0.5081832408905029,0.6178990006446838,0.6178990006446838,-0.10971575975418091
