query_id,predicted_id,correct,match_rank,matching_similarity,top1_similarity,best_nonmatch_similarity,margin_vs_best_nonmatch
0000,0000,True,1,0.6749821901321411,0.6749821901321411,0.6144073009490967,0.060574889183044434
0001,0000,False,2,0.59981369972229,0.6579452157020569,0.6579452157020569,-0.058131515979766846
0002,0000,False,2,0.5546764731407166,0.6031131744384766,0.6031131744384766,-0.04843670129776001
0003,0000,False,3,0.6020482778549194,0.6532210111618042,0.6532210111618042,-0.051172733306884766
