query_id,predicted_id,correct,match_rank,matching_similarity,top1_similarity,best_nonmatch_similarity,margin_vs_best_nonmatch
0000,0000,True,1,-0.012751748785376549,-0.012751748785376549,-0.012751748785376549,0.0
0001,0000,False,2,-0.012751748785376549,-0.012751748785376549,-0.012751748785376549,0.0
0002,0002,True,1,0.15307284891605377,0.15307284891605377,-0.024586161598563194,0.17765901051461697
0003,0003,True,1,0.18525353074073792,0.18525353074073792,0.11750847101211548,0.06774505972862244
