query_id,predicted_id,correct,match_rank,matching_similarity,top1_similarity,best_nonmatch_similarity,margin_vs_best_nonmatch
0000,0001,False,3,0.9380132555961609,0.9757760763168335,0.9757760763168335,-0.03776282072067261
0001,0001,True,1,0.9758562445640564,0.9758562445640564,0.9494384527206421,0.026417791843414307
0002,0002,True,1,0.9989165663719177,0.9989165663719177,0.9685288667678833,0.030387699604034424
0003,0003,True,1,0.9875252842903137,0.9875252842903137,0.9729750752449036,0.014550209045410156
