query_id,predicted_id,correct,match_rank,matching_similarity,top1_similarity,best_nonmatch_similarity,margin_vs_best_nonmatch
0000,0001,False,4,0.8669635057449341,0.9983764886856079,0.9983764886856079,-0.13141298294067383
0001,0000,False,2,0.8994346261024475,0.9949423670768738,0.9949423670768738,-0.09550774097442627
0002,0000,False,3,0.7460603713989258,0.9399943947792053,0.9399943947792053,-0.19393402338027954
0003,0000,False,4,0.7872499227523804,0.9701318144798279,0.9701318144798279,-0.1828818917274475
