query_id,predicted_id,correct,match_rank,matching_similarity,top1_similarity,best_nonmatch_similarity,margin_vs_best_nonmatch
0000,0001,False,4,0.8663378357887268,0.9999970197677612,0.9999970197677612,-0.13365918397903442
0001,0000,False,2,0.8691091537475586,0.9999701976776123,0.9999701976776123,-0.1308610439300537
0002,0001,False,3,0.7586233615875244,0.9134973287582397,0.9134973287582397,-0.15487396717071533
0003,0001,False,4,0.8054935336112976,0.9556074142456055,0.9556074142456055,-0.15011388063430786
