query_id,predicted_id,correct,match_rank,matching_similarity,top1_similarity,best_nonmatch_similarity,margin_vs_best_nonmatch
0000,0000,True,1,0.7957229614257812,0.7957229614257812,0.6968456506729126,0.09887731075286865
0001,0000,False,2,0.6814969778060913,0.7770156860351562,0.7770156860351562,-0.09551870822906494
0002,0000,False,3,0.6026961207389832,0.7436122298240662,0.7436122298240662,-0.140916109085083
0003,0000,False,4,0.6419216990470886,0.7783312797546387,0.7783312797546387,-0.13640958070755005
