query_id,predicted_id,correct,match_rank,matching_similarity,top1_similarity,best_nonmatch_similarity,margin_vs_best_nonmatch
0000,0002,False,4,-0.40082353353500366,-0.3430253863334656,-0.3430253863334656,-0.057798147201538086
0001,0002,False,2,-0.34498241543769836,-0.3430253863334656,-0.3430253863334656,-0.001957029104232788
0002,0002,True,1,0.12225476652383804,0.12225476652383804,0.10473090410232544,0.017523862421512604
0003,0003,True,1,0.08096250891685486,0.08096250891685486,0.05939410999417305,0.02156839892268181
