query_id,predicted_id,correct,match_rank,matching_similarity,top1_similarity,best_nonmatch_similarity,margin_vs_best_nonmatch
0000,0000,True,1,0.9999997615814209,0.9999997615814209,0.8662538528442383,0.13374590873718262
0001,0001,True,1,1.0,1.0,0.9351367950439453,0.06486320495605469
0002,0002,True,1,1.0,1.0,0.9668536186218262,0.03314638137817383
0003,0003,True,1,1.0000001192092896,1.0000001192092896,0.9668536186218262,0.03314650058746338
